10;06765192298;Avenida Caiapos;Sao Luiz I;Conceicao do Araguaia;PA;40028922;masm@aluno.ueg.br;Marco Antonio;94991581632
50;61891613000150;Rua Itumbiara;Cidade Jardim;Goiania;GO;33032034;marco123@gmail.com;Digitalizador;m4sm_01
51;06718852198;Rua A;Faisalville;Goiania;GO;43134513;daniel321@gmail.com;Daniel Sobrinho;40028922
77;06765192298;Rua ABC;DEF;Xique Xique;BA;40028922;lacrou@gmail.com;Divo;12345678
500;70631940111;Avenida dos Cedros;Jardim Botanico;Goiania;GO;6299348234;arthurdivo@gmail.com;Arthur;40028922
320;70439656168;Avenida Mutirao;Setor Bueno;Goiania;GO;6294831939;gabrieldivo@gmail.com;Gabriel Menezes;43919341
150;09547446240;Avenida Caiapós;São Luiz I;Conceicao do Araguaia;PA;40028922;miguel@gmail.com;Miguel;123456
20;04612927265;Rua 1;Pallermo;La Plata;BA;549342999;kellen@gmail.com;Kellen Kassiane;40028922
